entry_time,exit_time,side,entry,exit,final_stop,pips
2020-04-06 13:45:00+00:00,2020-04-06 14:50:00+00:00,long,1642.89001,1647.023492894686,1647.023492894686,413.34828946858124
2020-04-09 13:45:00+00:00,2020-04-09 14:01:00+00:00,long,1683.73999,1680.8672767258627,1680.8672767258627,-287.2713274137368
2020-04-09 14:37:00+00:00,2020-04-09 14:49:00+00:00,long,1678.050049,1675.5788837187395,1675.5788837187395,-247.11652812604825
2020-04-09 14:57:00+00:00,2020-04-09 15:06:00+00:00,long,1682.84998,1679.4560747596663,1679.4560747596663,-339.3905240333652
2020-04-09 15:57:00+00:00,2020-04-09 16:57:00+00:00,long,1682.55005,1684.0567203203636,1684.0567203203636,150.66703203635825
2020-04-23 13:36:00+00:00,2020-04-23 13:58:00+00:00,long,1731.62,1728.7936714333794,1728.7936714333794,-282.6328566620532
2020-04-23 14:05:00+00:00,2020-04-23 14:32:00+00:00,long,1734.38,1733.5892989678098,1733.5892989678098,-79.07010321903272
2020-04-23 15:12:00+00:00,2020-04-23 15:20:00+00:00,long,1737.53003,1736.3506112190478,1736.3506112190478,-117.9418780952119
2020-05-04 13:12:00+00:00,2020-05-04 13:59:00+00:00,long,1702.23999,1705.2535216063989,1705.2535216063989,301.35316063988284
2020-05-04 15:45:00+00:00,2020-05-04 16:04:00+00:00,long,1705.78003,1706.1592065573786,1706.1592065573786,37.917655737874156
2020-05-12 13:21:00+00:00,2020-05-12 13:48:00+00:00,long,1702.060059,1703.7377116997257,1703.7377116997257,167.76526997257406
2020-05-13 14:31:00+00:00,2020-05-13 14:58:00+00:00,long,1712.96997,1712.5589741347565,1712.5589741347565,-41.099586524364895
2020-05-13 15:11:00+00:00,2020-05-13 15:48:00+00:00,long,1715.030029,1714.3727963186118,1714.3727963186118,-65.72326813882228
2020-05-14 13:33:00+00:00,2020-05-14 14:32:00+00:00,long,1719.18005,1729.7589125371376,1729.7589125371376,1057.8862537137638
2020-05-18 13:30:00+00:00,2020-05-18 13:39:00+00:00,long,1748.58997,1745.4319428667586,1745.4319428667586,-315.8027133241376
2020-05-28 14:15:00+00:00,2020-05-28 14:33:00+00:00,long,1723.33997,1721.4396455133638,1721.4396455133638,-190.03244866362365
2020-05-28 15:46:00+00:00,2020-05-28 16:09:00+00:00,long,1722.98999,1722.9482980234557,1722.9482980234557,-4.169197654437085
2020-05-29 15:25:00+00:00,2020-05-29 16:34:00+00:00,long,1734.53003,1734.2555937828295,1734.2555937828295,-27.443621717043243
2020-06-02 14:54:00+00:00,2020-06-02 15:02:00+00:00,long,1740.68005,1739.3310333028262,1739.3310333028262,-134.9016697173738
2020-06-09 13:52:00+00:00,2020-06-09 14:03:00+00:00,long,1718.57996,1716.32379561423,1716.32379561423,-225.61643857700346
2020-06-10 14:18:00+00:00,2020-06-10 14:31:00+00:00,long,1726.43005,1724.5034041259005,1724.5034041259005,-192.66458740994494
2020-06-12 15:53:00+00:00,2020-06-12 16:00:00+00:00,long,1735.71997,1733.5335004727806,1733.5335004727806,-218.6469527219515
2020-06-16 13:36:00+00:00,2020-06-16 14:01:00+00:00,long,1723.55005,1721.372441811571,1721.372441811571,-217.7608188429076
2020-06-19 13:54:00+00:00,2020-06-19 14:22:00+00:00,long,1735.28003,1735.9023186755744,1735.9023186755744,62.22886755745094
2020-06-19 14:35:00+00:00,2020-06-19 15:32:00+00:00,long,1739.57996,1741.1639816406193,1741.1639816406193,158.40216406193122
2020-06-19 15:48:00+00:00,2020-06-19 15:57:00+00:00,long,1743.84998,1741.62918905722,1741.62918905722,-222.07909427800132
2020-06-24 14:12:00+00:00,2020-06-24 15:12:00+00:00,long,1770.98999,1772.7466539038928,1772.7466539038928,175.6663903892786
2020-06-29 14:29:00+00:00,2020-06-29 15:12:00+00:00,long,1771.48999,1772.0176230587597,1772.0176230587597,52.76330587596476
2020-06-29 15:59:00+00:00,2020-06-29 16:11:00+00:00,long,1771.56995,1769.9312654279447,1769.9312654279447,-163.86845720553538
2020-07-03 14:21:00+00:00,2020-07-03 14:34:00+00:00,long,1775.55005,1774.3281637627706,1774.3281637627706,-122.18862372294552
2020-07-03 15:55:00+00:00,2020-07-03 16:06:00+00:00,long,1775.56006,1774.9742687101552,1774.9742687101552,-58.57912898447921
2020-07-06 14:55:00+00:00,2020-07-06 15:43:00+00:00,long,1783.31995,1783.3127078089365,1783.3127078089365,-0.7242191063596692
2020-07-10 15:44:00+00:00,2020-07-10 15:57:00+00:00,long,1799.92004,1797.8007099326546,1797.8007099326546,-211.9330067345345
2020-07-13 15:57:00+00:00,2020-07-13 17:39:00+00:00,long,1807.53003,1810.606734696816,1810.606734696816,307.6704696816023
2020-07-17 14:34:00+00:00,2020-07-17 15:07:00+00:00,long,1808.5,1808.4536100576197,1808.4536100576197,-4.638994238030136
2020-07-20 14:33:00+00:00,2020-07-20 14:44:00+00:00,long,1817.52002,1817.5390821070746,1817.5390821070746,1.9062107074660162
2020-07-21 15:07:00+00:00,2020-07-21 15:37:00+00:00,long,1838.68005,1838.593913452181,1838.593913452181,-8.613654781902369
2020-07-22 13:40:00+00:00,2020-07-22 14:01:00+00:00,long,1853.76001,1853.6205302130516,1853.6205302130516,-13.947978694841368
2020-07-22 15:15:00+00:00,2020-07-22 16:37:00+00:00,long,1857.57996,1867.2043347801962,1867.2043347801962,962.4374780196149
2020-07-24 15:47:00+00:00,2020-07-24 16:36:00+00:00,long,1900.68994,1899.2954636277618,1899.2954636277618,-139.44763722381595
2020-08-06 14:59:00+00:00,2020-08-06 15:06:00+00:00,long,2060.87988,2056.281519942751,2056.281519942751,-459.83600572490104
2020-08-18 13:34:00+00:00,2020-08-18 13:54:00+00:00,long,2014.10999,2010.5582689852613,2010.5582689852613,-355.1721014738632
2020-08-24 14:09:00+00:00,2020-08-24 14:30:00+00:00,long,1942.18994,1940.3835324300521,1940.3835324300521,-180.64075699478508
2020-08-24 15:39:00+00:00,2020-08-24 15:58:00+00:00,long,1933.75,1930.4725304646283,1930.4725304646283,-327.7469535371665
2020-09-15 13:05:00+00:00,2020-09-15 13:23:00+00:00,long,1969.38,1966.750054787906,1966.750054787906,-262.99452120940714
2020-09-28 14:15:00+00:00,2020-09-28 14:37:00+00:00,long,1870.76001,1868.5556515189821,1868.5556515189821,-220.43584810178345
2020-09-29 13:27:00+00:00,2020-09-29 13:57:00+00:00,long,1886.66003,1885.3458501414532,1885.3458501414532,-131.41798585468223
2020-10-01 13:40:00+00:00,2020-10-01 13:47:00+00:00,long,1906.26001,1902.2413911701458,1902.2413911701458,-401.86188298541765
2020-10-01 14:51:00+00:00,2020-10-01 16:02:00+00:00,long,1902.82996,1908.065891768128,1908.065891768128,523.5931768128012
2020-10-05 13:36:00+00:00,2020-10-05 14:38:00+00:00,long,1909.93994,1911.6170860889865,1911.6170860889865,167.71460889865466
2020-10-05 14:56:00+00:00,2020-10-05 15:10:00+00:00,long,1917.26001,1913.334738441483,1913.334738441483,-392.5271558516897
2020-10-06 14:09:00+00:00,2020-10-06 14:15:00+00:00,long,1918.01001,1913.7676028746355,1913.7676028746355,-424.240712536448
2020-10-16 13:30:00+00:00,2020-10-16 13:33:00+00:00,long,1909.85999,1906.4578006830907,1906.4578006830907,-340.21893169092436
2020-10-16 15:56:00+00:00,2020-10-16 16:20:00+00:00,long,1901.26001,1900.3410662169379,1900.3410662169379,-91.89437830621046
2020-10-19 15:04:00+00:00,2020-10-19 15:09:00+00:00,long,1909.66003,1908.0971159810526,1908.0971159810526,-156.29140189473674
2020-10-19 15:50:00+00:00,2020-10-19 17:21:00+00:00,long,1907.40002,1909.382580945151,1909.382580945151,198.2560945150908
2020-10-23 15:07:00+00:00,2020-10-23 15:25:00+00:00,long,1900.94995,1897.8246066029365,1897.8246066029365,-312.5343397063489
2020-10-30 15:03:00+00:00,2020-10-30 15:25:00+00:00,long,1884.13,1879.5358284172041,1879.5358284172041,-459.41715827959797
2020-10-30 15:51:00+00:00,2020-10-30 16:32:00+00:00,long,1878.81006,1879.9995693253861,1879.9995693253861,118.95093253860978
2020-11-02 13:34:00+00:00,2020-11-02 13:58:00+00:00,long,1891.94995,1889.076118713051,1889.076118713051,-287.3831286948871
2020-11-02 15:49:00+00:00,2020-11-02 16:19:00+00:00,long,1890.83997,1892.1545871483224,1892.1545871483224,131.46171483224407
2020-11-04 14:18:00+00:00,2020-11-04 14:37:00+00:00,long,1908.43005,1905.5210112918517,1905.5210112918517,-290.9038708148273
2020-11-05 14:40:00+00:00,2020-11-05 15:30:00+00:00,long,1931.40002,1942.6290873654075,1942.6290873654075,1122.9067365407445
2020-11-06 13:11:00+00:00,2020-11-06 13:30:00+00:00,long,1953.28003,1952.4629243953398,1952.4629243953398,-81.7105604660128
2020-11-06 15:52:00+00:00,2020-11-06 16:50:00+00:00,long,1948.98999,1950.665386902488,1950.665386902488,167.53969024880462
2020-12-01 14:43:00+00:00,2020-12-01 15:06:00+00:00,long,1812.01001,1808.0727123874765,1808.0727123874765,-393.729761252348
2020-12-02 14:49:00+00:00,2020-12-02 16:56:00+00:00,long,1818.81006,1827.640450525396,1827.640450525396,883.0390525396069
2020-12-03 13:39:00+00:00,2020-12-03 13:48:00+00:00,long,1839.71997,1836.5956885495848,1836.5956885495848,-312.428145041531
2020-12-15 13:08:00+00:00,2020-12-15 13:22:00+00:00,long,1846.56995,1846.3473462854095,1846.3473462854095,-22.26037145906048
2020-12-15 14:53:00+00:00,2020-12-15 14:59:00+00:00,long,1852.45996,1850.6826939694968,1850.6826939694968,-177.72660305031422
2020-12-16 13:12:00+00:00,2020-12-16 13:15:00+00:00,long,1859.42004,1857.1779301363986,1857.1779301363986,-224.21098636013994
2020-12-16 15:19:00+00:00,2020-12-16 16:30:00+00:00,long,1856.43994,1856.0111906773038,1856.0111906773038,-42.874932269614874
2020-12-17 13:18:00+00:00,2020-12-17 13:22:00+00:00,long,1882.069946,1879.064608339751,1879.064608339751,-300.5337660249097
2020-12-17 13:32:00+00:00,2020-12-17 14:56:00+00:00,long,1880.54004,1891.0891338784456,1891.0891338784456,1054.9093878445547
2020-12-31 13:17:00+00:00,2020-12-31 14:28:00+00:00,long,1897.12,1896.9958600158404,1896.9958600158404,-12.41399841594557
2020-12-31 15:09:00+00:00,2020-12-31 15:43:00+00:00,long,1897.55005,1898.0553001572446,1898.0553001572446,50.525015724451805
2021-01-05 13:56:00+00:00,2021-01-05 14:04:00+00:00,long,1951.050049,1947.8473086366064,1947.8473086366064,-320.2740363393559
2021-01-19 15:40:00+00:00,2021-01-19 17:06:00+00:00,long,1838.040039,1840.4888831903334,1840.4888831903334,244.8844190333375
2021-01-21 14:14:00+00:00,2021-01-21 14:45:00+00:00,long,1864.43005,1864.074214868853,1864.074214868853,-35.58351311469323
2021-01-25 13:17:00+00:00,2021-01-25 13:40:00+00:00,long,1865.68005,1864.032741915289,1864.032741915289,-164.73080847108577
2021-01-29 13:16:00+00:00,2021-01-29 13:29:00+00:00,long,1869.35999,1865.5701998359905,1865.5701998359905,-378.9790164009446
2021-01-29 13:39:00+00:00,2021-01-29 14:28:00+00:00,long,1870.53003,1870.8058312766898,1870.8058312766898,27.580127668989007
2021-02-01 14:28:00+00:00,2021-02-01 14:31:00+00:00,long,1866.19995,1863.160170152089,1863.160170152089,-303.97798479109497
2021-02-01 14:46:00+00:00,2021-02-01 14:49:00+00:00,long,1866.16003,1863.0653143333939,1863.0653143333939,-309.47156666061346
2021-02-08 13:33:00+00:00,2021-02-08 14:36:00+00:00,long,1826.48999,1832.020929879514,1832.020929879514,553.093987951388
2021-02-08 15:04:00+00:00,2021-02-08 15:52:00+00:00,long,1835.47998,1836.7071429864518,1836.7071429864518,122.71629864517308
2021-02-22 13:03:00+00:00,2021-02-22 13:27:00+00:00,long,1797.63,1798.255360103576,1798.255360103576,62.53601035759857
2021-02-24 15:21:00+00:00,2021-02-24 15:30:00+00:00,long,1791.050049,1790.0811150474954,1790.0811150474954,-96.89339525045852
2021-03-09 13:06:00+00:00,2021-03-09 14:24:00+00:00,long,1706.94995,1715.4405612544213,1715.4405612544213,849.061125442131
2021-03-09 14:37:00+00:00,2021-03-09 14:43:00+00:00,long,1719.85999,1715.8356675258965,1715.8356675258965,-402.4322474103428
2021-03-15 15:12:00+00:00,2021-03-15 15:35:00+00:00,long,1727.28003,1725.5310311293658,1725.5310311293658,-174.89988706340682
2021-03-19 15:46:00+00:00,2021-03-19 16:38:00+00:00,long,1738.66003,1738.9188971526655,1738.9188971526655,25.88671526655162
2021-03-23 15:51:00+00:00,2021-03-23 16:05:00+00:00,long,1728.83997,1728.3534992724308,1728.3534992724308,-48.64707275692126
2021-04-01 14:32:00+00:00,2021-04-01 15:27:00+00:00,long,1726.89001,1727.7705935681086,1727.7705935681086,88.05835681084773
2021-04-06 14:37:00+00:00,2021-04-06 15:37:00+00:00,long,1742.78003,1743.8010265026483,1743.8010265026483,102.09965026483587
2021-04-08 13:07:00+00:00,2021-04-08 13:13:00+00:00,long,1752.62,1750.0797541618622,1750.0797541618622,-254.02458381377073
2021-04-16 14:58:00+00:00,2021-04-16 15:21:00+00:00,long,1779.46997,1777.913662449377,1777.913662449377,-155.63075506231598
2021-04-20 15:45:00+00:00,2021-04-20 16:37:00+00:00,long,1779.46997,1778.9153917446024,1778.9153917446024,-55.457825539770056
2021-04-21 13:34:00+00:00,2021-04-21 14:07:00+00:00,long,1786.60999,1793.4862866466276,1793.4862866466276,687.6296646627679
2021-04-21 15:30:00+00:00,2021-04-21 15:59:00+00:00,long,1794.18005,1793.4054541275052,1793.4054541275052,-77.45958724947286
2021-05-03 13:54:00+00:00,2021-05-03 14:44:00+00:00,long,1792.32996,1793.7642601531525,1793.7642601531525,143.4300153152435
2021-05-10 13:32:00+00:00,2021-05-10 13:37:00+00:00,long,1844.88,1841.963037077986,1841.963037077986,-291.6962922014136
2021-05-10 15:45:00+00:00,2021-05-10 16:14:00+00:00,long,1841.42004,1840.3077474237202,1840.3077474237202,-111.22925762797422
2021-05-14 13:25:00+00:00,2021-05-14 13:28:00+00:00,long,1838.39001,1836.2385266922402,1836.2385266922402,-215.14833077599178
2021-05-14 14:58:00+00:00,2021-05-14 16:10:00+00:00,long,1837.81995,1839.2774157184272,1839.2774157184272,145.74657184271018
2021-05-18 13:04:00+00:00,2021-05-18 13:09:00+00:00,long,1873.17004,1869.798059318202,1869.798059318202,-337.198068179805
2021-05-21 15:20:00+00:00,2021-05-21 15:57:00+00:00,long,1875.46997,1875.3641049310227,1875.3641049310227,-10.586506897743675
2021-06-23 13:03:00+00:00,2021-06-23 14:04:00+00:00,long,1783.13,1791.3494720748238,1791.3494720748238,821.947207482367
2021-06-24 15:08:00+00:00,2021-06-24 15:23:00+00:00,long,1781.17004,1778.9004543362073,1778.9004543362073,-226.9585663792668
2021-07-01 13:24:00+00:00,2021-07-01 13:41:00+00:00,long,1782.78003,1778.6485488910637,1778.6485488910637,-413.1481108936214
2021-07-07 14:38:00+00:00,2021-07-07 15:15:00+00:00,long,1802.45996,1803.377717617821,1803.377717617821,91.77576178210529
2021-07-07 15:43:00+00:00,2021-07-07 16:31:00+00:00,long,1804.83997,1803.2344475001958,1803.2344475001958,-160.55224998042377
2021-07-13 14:29:00+00:00,2021-07-13 14:38:00+00:00,long,1814.16003,1811.6285058077062,1811.6285058077062,-253.1524192293773
2021-07-13 15:38:00+00:00,2021-07-13 15:54:00+00:00,long,1813.79004,1813.393754546588,1813.393754546588,-39.62854534120197
2021-07-14 14:05:00+00:00,2021-07-14 14:13:00+00:00,long,1825.40002,1822.2012404233471,1822.2012404233471,-319.8779576652896
2021-07-14 15:15:00+00:00,2021-07-14 15:36:00+00:00,long,1823.20996,1821.9920488858434,1821.9920488858434,-121.791111415655
2021-07-20 15:23:00+00:00,2021-07-20 15:35:00+00:00,long,1810.37,1806.9513605195891,1806.9513605195891,-341.8639480410775
2021-07-29 13:41:00+00:00,2021-07-29 14:32:00+00:00,long,1827.01001,1826.753432763806,1826.753432763806,-25.65772361940617
2021-07-29 14:58:00+00:00,2021-07-29 16:39:00+00:00,long,1827.98999,1831.4919118273497,1831.4919118273497,350.19218273496335
2021-08-05 13:59:00+00:00,2021-08-05 14:31:00+00:00,long,1803.81006,1801.211180030691,1801.211180030691,-259.88799693091096
2021-08-05 15:34:00+00:00,2021-08-05 15:42:00+00:00,long,1804.42004,1802.7603106807494,1802.7603106807494,-165.9729319250573
2021-08-19 15:10:00+00:00,2021-08-19 16:01:00+00:00,long,1782.78003,1782.2393268961,1782.2393268961,-54.07031038998866
2021-08-23 15:30:00+00:00,2021-08-23 16:08:00+00:00,long,1804.72998,1804.5479424198027,1804.5479424198027,-18.203758019740235
2021-08-30 13:47:00+00:00,2021-08-30 13:51:00+00:00,long,1815.16003,1812.44902490807,1812.44902490807,-271.1005091930019
2021-08-30 14:43:00+00:00,2021-08-30 14:55:00+00:00,long,1812.67004,1811.5562411509493,1811.5562411509493,-111.37988490506814
2021-09-03 13:58:00+00:00,2021-09-09 00:00:00+00:00,long,1825.17004,1821.851419360161,1821.851419360161,-331.86206398390823
2021-09-15 13:35:00+00:00,2021-09-15 13:45:00+00:00,long,1799.14001,1796.8265379695365,1796.8265379695365,-231.3472030463572
2021-09-15 15:40:00+00:00,2021-09-15 16:25:00+00:00,long,1794.23999,1792.936660987062,1792.936660987062,-130.3329012938093
2021-09-29 15:03:00+00:00,2021-09-29 15:43:00+00:00,long,1729.57996,1731.1878233577386,1731.1878233577386,160.78633577385517
2021-10-07 13:34:00+00:00,2021-10-07 14:19:00+00:00,long,1755.93994,1759.966365259158,1759.966365259158,402.64252591580316
2021-10-13 13:16:00+00:00,2021-10-13 14:53:00+00:00,long,1765.35999,1792.020684159899,1792.020684159899,2666.0694159899094
2021-10-13 15:45:00+00:00,2021-10-13 16:30:00+00:00,long,1794.85999,1793.7050637335976,1793.7050637335976,-115.4926266402299
2021-10-14 14:06:00+00:00,2021-10-14 14:28:00+00:00,long,1798.69995,1797.185912311047,1797.185912311047,-151.40376889528397
2021-10-22 13:38:00+00:00,2021-10-22 14:34:00+00:00,long,1807.15002,1809.99120081937,1809.99120081937,284.1180819370038
2021-10-28 13:07:00+00:00,2021-10-28 13:37:00+00:00,long,1801.079956,1804.6844998953604,1804.6844998953604,360.45438953603934
2021-11-09 15:35:00+00:00,2021-11-09 16:13:00+00:00,long,1824.48999,1823.9190612000039,1823.9190612000039,-57.09287999961816
2021-11-15 15:13:00+00:00,2021-11-15 15:31:00+00:00,long,1862.040039,1860.040679439744,1860.040679439744,-199.93595602559253
2021-11-16 13:04:00+00:00,2021-11-16 13:21:00+00:00,long,1873.57996,1873.9768099971893,1873.9768099971893,39.68499971892925
2021-11-19 13:22:00+00:00,2021-11-19 13:32:00+00:00,long,1863.57996,1861.55119990164,1861.55119990164,-202.87600983599532
2021-11-19 14:04:00+00:00,2021-11-19 14:13:00+00:00,long,1862.89001,1861.9260243834603,1861.9260243834603,-96.39856165397305
2021-11-19 15:57:00+00:00,2021-11-19 16:19:00+00:00,long,1860.01001,1857.5740716721355,1857.5740716721355,-243.59383278645055
2021-11-26 13:16:00+00:00,2021-11-26 13:21:00+00:00,long,1809.51001,1805.8266321409362,1805.8266321409362,-368.33778590637394
2021-11-26 13:39:00+00:00,2021-11-26 14:19:00+00:00,long,1804.90002,1804.301763966806,1804.301763966806,-59.82560331940476
2021-11-26 14:41:00+00:00,2021-11-26 14:52:00+00:00,long,1800.29004,1797.8334957879,1797.8334957879,-245.6544212100198
2021-12-07 14:14:00+00:00,2021-12-07 15:48:00+00:00,long,1779.15002,1781.2931644331204,1781.2931644331204,214.31444331203693
2021-12-16 13:06:00+00:00,2021-12-16 13:23:00+00:00,long,1786.01001,1787.3121277688495,1787.3121277688495,130.21177688494845
2021-12-16 13:59:00+00:00,2021-12-16 14:19:00+00:00,long,1789.060059,1788.111981540378,1788.111981540378,-94.80774596217998
2021-12-21 13:23:00+00:00,2021-12-21 13:39:00+00:00,long,1799.54004,1797.671619159421,1797.671619159421,-186.84208405791196
2021-12-21 14:01:00+00:00,2021-12-21 14:08:00+00:00,long,1798.31995,1796.5309324673296,1796.5309324673296,-178.90175326704139
2021-12-28 13:04:00+00:00,2021-12-28 13:06:00+00:00,long,1817.14001,1816.5017861960987,1816.5017861960987,-63.82238039013828
2021-12-28 13:22:00+00:00,2021-12-28 13:55:00+00:00,long,1817.42004,1817.8891745393898,1817.8891745393898,46.913453938987004
2021-12-28 14:42:00+00:00,2021-12-28 14:53:00+00:00,long,1814.95996,1812.8714932703028,1812.8714932703028,-208.84667296970747
2021-12-28 15:06:00+00:00,2021-12-28 15:34:00+00:00,long,1815.20996,1813.41155910369,1813.41155910369,-179.8400896309886
2021-12-31 13:13:00+00:00,2021-12-31 13:56:00+00:00,long,1822.93994,1825.1245289393496,1825.1245289393496,218.45889393496236
2021-12-31 14:09:00+00:00,2021-12-31 14:31:00+00:00,long,1826.44995,1824.6996140121885,1824.6996140121885,-175.0335987811468
2021-12-31 14:47:00+00:00,2021-12-31 14:51:00+00:00,long,1826.63,1824.049905401433,1824.049905401433,-258.00945985670296
2022-01-11 14:35:00+00:00,2022-01-11 15:42:00+00:00,long,1805.12,1806.6099769781247,1806.6099769781247,148.9976978124787
2022-02-01 15:54:00+00:00,2022-02-01 16:41:00+00:00,long,1806.93005,1806.0107739512707,1806.0107739512707,-91.92760487292162
2022-02-07 14:05:00+00:00,2022-02-07 14:35:00+00:00,long,1815.88,1813.798841476973,1813.798841476973,-208.11585230271703
2022-02-07 15:25:00+00:00,2022-02-07 16:09:00+00:00,long,1815.68005,1814.686333533088,1814.686333533088,-99.37164669120193
2022-02-21 14:49:00+00:00,2022-02-21 15:00:00+00:00,long,1896.060059,1894.495699997226,1894.495699997226,-156.43590027739265
2022-02-21 15:35:00+00:00,2022-02-21 16:32:00+00:00,long,1895.32996,1895.779167874919,1895.779167874919,44.92078749190114
2022-03-01 14:04:00+00:00,2022-03-01 15:00:00+00:00,long,1918.88,1921.8588952691193,1921.8588952691193,297.8895269119221
2022-03-01 15:39:00+00:00,2022-03-01 15:53:00+00:00,long,1925.030029,1925.324361363926,1925.324361363926,29.433236392605977
2022-03-03 13:12:00+00:00,2022-03-03 13:56:00+00:00,long,1932.19995,1929.8627633535946,1929.8627633535946,-233.7186646405371
2022-03-18 14:40:00+00:00,2022-03-18 15:12:00+00:00,long,1934.45996,1933.6665898827034,1933.6665898827034,-79.33701172964902
2022-03-23 13:06:00+00:00,2022-03-23 14:10:00+00:00,long,1931.88,1933.1210812923148,1933.1210812923148,124.1081292314675
2022-03-23 15:53:00+00:00,2022-03-23 17:18:00+00:00,long,1929.77002,1935.1329358205423,1935.1329358205423,536.2915820542412
2022-03-24 13:30:00+00:00,2022-03-24 13:47:00+00:00,long,1953.48999,1951.390488449526,1951.390488449526,-209.95015504740877
2022-03-24 14:16:00+00:00,2022-03-24 15:06:00+00:00,long,1955.57996,1961.1058789945935,1961.1058789945935,552.591899459344
2022-03-31 13:15:00+00:00,2022-03-31 13:59:00+00:00,long,1936.94995,1937.741062885107,1937.741062885107,79.1112885107168
2022-03-31 15:30:00+00:00,2022-03-31 16:06:00+00:00,long,1943.71997,1943.1083611979366,1943.1083611979366,-61.160880206352886
2022-04-04 13:11:00+00:00,2022-04-04 13:14:00+00:00,long,1933.43005,1931.8539158815477,1931.8539158815477,-157.61341184522735
2022-04-07 13:04:00+00:00,2022-04-07 13:30:00+00:00,long,1930.46997,1927.4851491134539,1927.4851491134539,-298.4820886546231
2022-04-07 15:58:00+00:00,2022-04-07 16:32:00+00:00,long,1934.099976,1934.5310773886315,1934.5310773886315,43.110138863153225
2022-04-08 13:05:00+00:00,2022-04-08 13:24:00+00:00,long,1934.91003,1933.7074702721582,1933.7074702721582,-120.25597278418445
2022-04-11 15:03:00+00:00,2022-04-11 15:58:00+00:00,long,1951.94995,1952.047012111592,1952.047012111592,9.706211159209488
2022-04-13 15:41:00+00:00,2022-04-13 16:09:00+00:00,long,1978.20996,1979.4862629006682,1979.4862629006682,127.630290066827
2022-04-14 14:25:00+00:00,2022-04-14 15:06:00+00:00,long,1967.73999,1968.6917053013917,1968.6917053013917,95.17153013916868
2022-04-18 13:58:00+00:00,2022-04-18 14:30:00+00:00,long,1993.01001,1990.7149156595808,1990.7149156595808,-229.50943404191548
2022-04-18 15:23:00+00:00,2022-04-18 16:17:00+00:00,long,1986.73999,1988.1129088436244,1988.1129088436244,137.29188436243476
2022-04-19 15:00:00+00:00,2022-04-19 15:17:00+00:00,long,1956.71997,1952.8054305555822,1952.8054305555822,-391.4539444417869
2022-04-29 13:57:00+00:00,2022-04-29 15:04:00+00:00,long,1911.44995,1910.5716422808287,1910.5716422808287,-87.83077191712891
2022-05-05 15:35:00+00:00,2022-05-05 15:47:00+00:00,long,1882.98999,1879.151299663428,1879.151299663428,-383.8690336571972
2022-05-06 13:31:00+00:00,2022-05-06 13:37:00+00:00,long,1878.98999,1876.2901779969013,1876.2901779969013,-269.9812003098714
2022-05-19 13:48:00+00:00,2022-05-19 15:40:00+00:00,long,1839.81995,1845.7826643473752,1845.7826643473752,596.271434737514
2022-05-23 13:28:00+00:00,2022-05-23 13:43:00+00:00,long,1856.41003,1853.9611376915032,1853.9611376915032,-244.8892308496852
2022-05-23 14:23:00+00:00,2022-05-23 14:31:00+00:00,long,1857.21997,1854.6655922675914,1854.6655922675914,-255.43777324087387
2022-05-24 15:11:00+00:00,2022-05-24 16:10:00+00:00,long,1865.91003,1867.6326148328176,1867.6326148328176,172.25848328175744
2022-06-15 15:19:00+00:00,2022-06-15 15:34:00+00:00,long,1822.069946,1820.55851702677,1820.55851702677,-151.14289732300676
2022-06-29 15:53:00+00:00,2022-06-29 16:19:00+00:00,long,1818.65002,1817.5435642933048,1817.5435642933048,-110.64557066952148
2022-07-19 15:11:00+00:00,2022-07-19 15:52:00+00:00,long,1713.92004,1713.3604985310599,1713.3604985310599,-55.95414689400968
2022-08-01 13:45:00+00:00,2022-08-01 14:00:00+00:00,long,1772.62,1770.2435549172428,1770.2435549172428,-237.64450827570727
2022-08-01 14:51:00+00:00,2022-08-01 14:58:00+00:00,long,1770.14001,1767.589023069519,1767.589023069519,-255.0986930481031
2022-08-01 15:30:00+00:00,2022-08-01 15:54:00+00:00,long,1768.23999,1767.8269777091016,1767.8269777091016,-41.30122908984504
2022-08-02 15:38:00+00:00,2022-08-02 15:53:00+00:00,long,1781.84998,1778.8645610021317,1778.8645610021317,-298.5418997868237
2022-08-04 13:51:00+00:00,2022-08-04 14:44:00+00:00,long,1781.28003,1784.6290953185503,1784.6290953185503,334.90653185504016
2022-08-04 15:02:00+00:00,2022-08-04 15:29:00+00:00,long,1786.069946,1787.0044717830751,1787.0044717830751,93.45257830750597
2022-08-11 13:42:00+00:00,2022-08-11 14:12:00+00:00,long,1795.89001,1795.6205978916387,1795.6205978916387,-26.941210836139362
2022-08-25 14:18:00+00:00,2022-08-25 15:02:00+00:00,long,1755.93005,1755.0600210792195,1755.0600210792195,-87.00289207804417
2022-09-08 14:55:00+00:00,2022-09-08 15:38:00+00:00,long,1707.94995,1707.1306403640317,1707.1306403640317,-81.93096359682386
2022-09-12 13:13:00+00:00,2022-09-12 13:21:00+00:00,long,1732.60999,1729.1477096536082,1729.1477096536082,-346.2280346391708
2022-09-12 14:51:00+00:00,2022-09-12 15:09:00+00:00,long,1729.37,1728.5539031224312,1728.5539031224312,-81.60968775687252
2022-09-29 14:52:00+00:00,2022-09-29 15:21:00+00:00,long,1652.18005,1655.958961988819,1655.958961988819,377.8911988819118
2022-10-17 13:43:00+00:00,2022-10-17 13:46:00+00:00,long,1666.85999,1664.5449108604698,1664.5449108604698,-231.50791395300985
2022-10-17 15:44:00+00:00,2022-10-17 16:25:00+00:00,long,1662.43005,1661.7883295690563,1661.7883295690563,-64.17204309436784
2022-10-26 13:39:00+00:00,2022-10-26 14:33:00+00:00,long,1666.01001,1665.790574693431,1665.790574693431,-21.94353065690393
2022-11-07 14:45:00+00:00,2022-11-07 15:03:00+00:00,long,1680.84998,1678.3228326681372,1678.3228326681372,-252.71473318628068
2022-11-07 15:41:00+00:00,2022-11-07 16:33:00+00:00,long,1678.01001,1677.931764176945,1677.931764176945,-7.824582305488548
2022-11-08 13:13:00+00:00,2022-11-08 13:34:00+00:00,long,1672.68005,1672.8088551615515,1672.8088551615515,12.88051615515542
2022-11-16 13:23:00+00:00,2022-11-16 13:30:00+00:00,long,1780.32996,1778.2642898294275,1778.2642898294275,-206.56701705725027
2022-11-22 14:29:00+00:00,2022-11-22 14:56:00+00:00,long,1743.85999,1743.4433308664939,1743.4433308664939,-41.6659133506073
2022-11-29 14:36:00+00:00,2022-11-29 15:54:00+00:00,long,1750.57996,1755.2381583946367,1755.2381583946367,465.81983946366563
2022-12-01 14:53:00+00:00,2022-12-01 15:12:00+00:00,long,1802.16003,1800.138139342768,1800.138139342768,-202.18906572320066
2022-12-09 15:42:00+00:00,2022-12-09 17:02:00+00:00,long,1795.63,1803.4300981873057,1803.4300981873057,780.0098187305593
2022-12-12 14:35:00+00:00,2022-12-12 14:39:00+00:00,long,1789.16003,1786.7592557318164,1786.7592557318164,-240.0774268183568
2022-12-12 14:49:00+00:00,2022-12-12 15:04:00+00:00,long,1789.56006,1786.6190962970131,1786.6190962970131,-294.0963702986892
2022-12-13 13:26:00+00:00,2022-12-13 15:07:00+00:00,long,1788.28003,1819.937670466905,1819.937670466905,3165.764046690515
2022-12-20 14:27:00+00:00,2022-12-20 15:41:00+00:00,long,1806.58997,1816.359282218969,1816.359282218969,976.9312218968935
2022-12-27 14:37:00+00:00,2022-12-27 15:47:00+00:00,long,1806.98999,1825.0091568242954,1825.0091568242954,1801.9166824295326
2022-12-30 15:54:00+00:00,2022-12-30 16:13:00+00:00,long,1817.88,1815.5157187838438,1815.5157187838438,-236.42812161563143
2023-01-16 13:41:00+00:00,2023-01-16 15:34:00+00:00,long,1914.14001,1915.0464861209753,1915.0464861209753,90.6476120975185
2023-01-18 14:07:00+00:00,2023-01-18 14:37:00+00:00,long,1923.88,1921.3085358245353,1921.3085358245353,-257.14641754648255
2023-02-01 13:49:00+00:00,2023-02-01 14:03:00+00:00,long,1930.46997,1928.200903034902,1928.200903034902,-226.90669650980908
2023-02-20 13:31:00+00:00,2023-02-20 13:40:00+00:00,long,1846.13,1844.6814945900135,1844.6814945900135,-144.85054099866375
2023-02-20 13:54:00+00:00,2023-02-20 14:03:00+00:00,long,1846.53003,1844.9762549843144,1844.9762549843144,-155.377501568546
2023-03-01 14:02:00+00:00,2023-03-01 15:02:00+00:00,long,1838.51001,1840.154951129405,1840.154951129405,164.49411294049696
2023-03-01 15:23:00+00:00,2023-03-01 15:56:00+00:00,long,1838.48999,1838.881521954023,1838.881521954023,39.153195402286656
2023-03-02 14:55:00+00:00,2023-03-02 15:21:00+00:00,long,1837.93994,1834.450773994817,1834.450773994817,-348.91660051830513
2023-03-10 13:33:00+00:00,2023-03-10 16:04:00+00:00,long,1839.069946,1862.6990452203715,1862.6990452203715,2362.909922037147
2023-03-13 15:28:00+00:00,2023-03-13 15:35:00+00:00,long,1912.59998,1909.2171111746636,1909.2171111746636,-338.2868825336345
2023-03-15 15:57:00+00:00,2023-03-15 17:00:00+00:00,long,1926.43994,1933.073556519416,1933.073556519416,663.3616519415909
2023-03-16 14:16:00+00:00,2023-03-16 14:51:00+00:00,long,1929.19995,1927.9442917906294,1927.9442917906294,-125.56582093704947
2023-03-16 15:55:00+00:00,2023-03-16 16:08:00+00:00,long,1919.73999,1915.9573620303565,1915.9573620303565,-378.26279696434995
2023-03-17 13:53:00+00:00,2023-03-17 15:05:00+00:00,long,1951.55005,1959.659674501793,1959.659674501793,810.962450179295
2023-03-17 15:31:00+00:00,2023-03-17 15:47:00+00:00,long,1962.23999,1959.6608640849777,1959.6608640849777,-257.91259150223595
2023-03-23 14:25:00+00:00,2023-03-23 14:39:00+00:00,long,1982.91003,1981.2087341552449,1981.2087341552449,-170.12958447551227
2023-03-23 15:14:00+00:00,2023-03-23 15:47:00+00:00,long,1982.21997,1983.3475069765925,1983.3475069765925,112.75369765924097
2023-03-24 13:03:00+00:00,2023-03-24 13:24:00+00:00,long,2001.31995,1997.1049547206176,1997.1049547206176,-421.49952793824923
2023-03-30 14:20:00+00:00,2023-03-30 15:22:00+00:00,long,1969.32996,1972.5160582389115,1972.5160582389115,318.6098238911427
2023-03-31 13:21:00+00:00,2023-03-31 13:45:00+00:00,long,1981.38,1980.421158769071,1980.421158769071,-95.88412309290106
2023-04-03 15:26:00+00:00,2023-04-03 15:58:00+00:00,long,1989.030029,1987.729672933497,1987.729672933497,-130.03560665029
2023-04-06 13:33:00+00:00,2023-04-06 13:39:00+00:00,long,2013.60999,2010.7883415312626,2010.7883415312626,-282.1648468737294
2023-04-13 15:11:00+00:00,2023-04-13 15:58:00+00:00,long,2038.19995,2039.518404583555,2039.518404583555,131.8454583554967
2023-05-02 13:24:00+00:00,2023-05-02 13:35:00+00:00,long,1987.58997,1986.1541298168077,1986.1541298168077,-143.58401831923402
2023-05-04 13:42:00+00:00,2023-05-04 14:46:00+00:00,long,2038.71997,2053.570336990855,2053.570336990855,1485.0366990855036
2023-05-04 15:53:00+00:00,2023-05-04 16:17:00+00:00,long,2052.090088,2050.581218301421,2050.581218301421,-150.88696985790193
2023-05-09 13:44:00+00:00,2023-05-09 14:21:00+00:00,long,2027.44995,2026.8003070190064,2026.8003070190064,-64.96429809935762
2023-05-31 14:37:00+00:00,2023-05-31 14:48:00+00:00,long,1970.23999,1969.731564927775,1969.731564927775,-50.8425072225009
2023-06-01 13:34:00+00:00,2023-06-01 14:06:00+00:00,long,1972.31006,1970.9250866544085,1970.9250866544085,-138.49733455915612
2023-06-01 14:44:00+00:00,2023-06-01 16:19:00+00:00,long,1975.68005,1980.714008870921,1980.714008870921,503.3958870920969
2023-06-06 14:11:00+00:00,2023-06-06 14:43:00+00:00,long,1960.23999,1958.491697332246,1958.491697332246,-174.8292667753958
2023-06-09 13:57:00+00:00,2023-06-09 14:33:00+00:00,long,1960.95996,1964.9852886803587,1964.9852886803587,402.53286803588253
2023-06-09 15:58:00+00:00,2023-06-09 16:45:00+00:00,long,1962.31006,1961.41089189939,1961.41089189939,-89.91681006100407
2023-06-16 13:41:00+00:00,2023-06-16 13:50:00+00:00,long,1960.79004,1959.4860038313648,1959.4860038313648,-130.40361686353208
2023-06-16 14:03:00+00:00,2023-06-16 14:08:00+00:00,long,1964.57996,1959.541399176736,1959.541399176736,-503.8560823264106
2023-07-05 15:01:00+00:00,2023-07-05 15:56:00+00:00,long,1922.90002,1923.1390844419984,1923.1390844419984,23.906444199838006
2023-07-06 14:52:00+00:00,2023-07-06 15:44:00+00:00,long,1907.45996,1908.7164901056303,1908.7164901056303,125.65301056304179
2023-07-07 13:36:00+00:00,2023-07-07 14:00:00+00:00,long,1923.050049,1922.6223799565812,1922.6223799565812,-42.76690434187458
2023-07-07 14:11:00+00:00,2023-07-07 15:05:00+00:00,long,1927.33997,1931.8673205917642,1931.8673205917642,452.73505917641614
2023-07-10 13:09:00+00:00,2023-07-10 14:23:00+00:00,long,1917.35999,1922.0562239701624,1922.0562239701624,469.62339701624387
2023-07-13 14:12:00+00:00,2023-07-13 14:27:00+00:00,long,1960.94995,1958.2604049393315,1958.2604049393315,-268.9545060668479
2023-07-14 13:48:00+00:00,2023-07-14 14:00:00+00:00,long,1959.76001,1957.6214962548547,1957.6214962548547,-213.85137451452465
2023-07-14 14:42:00+00:00,2023-07-14 15:05:00+00:00,long,1957.01001,1958.9097891043677,1958.9097891043677,189.97791043677807
2023-07-17 13:21:00+00:00,2023-07-17 13:32:00+00:00,long,1951.35999,1948.6207954667589,1948.6207954667589,-273.91945332410614
2023-07-17 15:46:00+00:00,2023-07-17 17:03:00+00:00,long,1953.81995,1954.455773748009,1954.455773748009,63.58237480089883
2023-07-26 14:08:00+00:00,2023-07-26 14:22:00+00:00,long,1967.70996,1965.8386163576818,1965.8386163576818,-187.1343642318152
2023-07-27 15:52:00+00:00,2023-07-27 16:08:00+00:00,long,1947.29004,1945.4562609759785,1945.4562609759785,-183.37790240216236
2023-07-31 13:34:00+00:00,2023-07-31 14:14:00+00:00,long,1968.35999,1969.0821750733774,1969.0821750733774,72.21850733774318
2023-08-21 15:10:00+00:00,2023-08-21 18:08:00+00:00,long,1888.62,1894.0464358041384,1894.0464358041384,542.6435804138464
2023-08-22 14:48:00+00:00,2023-08-22 16:33:00+00:00,long,1894.21997,1897.3326921281523,1897.3326921281523,311.27221281522
2023-08-23 13:27:00+00:00,2023-08-23 14:42:00+00:00,long,1910.83997,1914.7854356328119,1914.7854356328119,394.54656328118745
2023-08-30 13:53:00+00:00,2023-08-30 14:03:00+00:00,long,1947.46997,1945.680087373658,1945.680087373658,-178.98826263422052
2023-09-01 14:54:00+00:00,2023-09-01 15:20:00+00:00,long,1939.01001,1938.0385490923115,1938.0385490923115,-97.14609076884244
2023-09-15 13:14:00+00:00,2023-09-15 15:04:00+00:00,long,1922.28003,1927.2288848172857,1927.2288848172857,494.8854817285792
2023-09-15 15:46:00+00:00,2023-09-15 16:26:00+00:00,long,1927.21997,1926.4305086347417,1926.4305086347417,-78.94613652583757
2023-09-18 13:21:00+00:00,2023-09-18 13:30:00+00:00,long,1928.32996,1926.7485443480641,1926.7485443480641,-158.1415651935913
2023-09-18 14:18:00+00:00,2023-09-18 16:07:00+00:00,long,1926.71997,1928.5119403607239,1928.5119403607239,179.19703607237807
2023-10-11 15:31:00+00:00,2023-10-11 16:35:00+00:00,long,1871.91003,1874.8216620356131,1874.8216620356131,291.1632035613138
2023-10-13 15:28:00+00:00,2023-10-13 16:28:00+00:00,long,1921.65002,1923.8164367947445,1923.8164367947445,216.6416794744464
2023-10-19 13:40:00+00:00,2023-10-19 14:02:00+00:00,long,1954.71997,1952.6471527692336,1952.6471527692336,-207.28172307665318
2023-10-19 15:14:00+00:00,2023-10-19 15:51:00+00:00,long,1954.53003,1957.099938920674,1957.099938920674,256.9908920674152
2023-10-23 14:26:00+00:00,2023-10-23 15:39:00+00:00,long,1976.45996,1976.3203365613094,1976.3203365613094,-13.9623438690478
2023-10-25 13:50:00+00:00,2023-10-25 14:06:00+00:00,long,1983.099976,1981.6603676030581,1981.6603676030581,-143.96083969418214
2023-10-31 13:47:00+00:00,2023-10-31 14:00:00+00:00,long,1999.31006,2000.1371772379728,2000.1371772379728,82.71172379727432
2023-11-02 14:44:00+00:00,2023-11-02 15:25:00+00:00,long,1984.54004,1982.5943202694125,1982.5943202694125,-194.5719730587598
2023-11-15 15:30:00+00:00,2023-11-15 16:17:00+00:00,long,1961.15002,1961.7335752164067,1961.7335752164067,58.355521640669394
2023-11-22 15:43:00+00:00,2023-11-22 16:17:00+00:00,long,1995.41003,1992.8152343609152,1992.8152343609152,-259.47956390848503
2023-11-24 13:22:00+00:00,2023-11-24 14:45:00+00:00,long,1995.84998,2000.4906474968427,2000.4906474968427,464.06674968427524
2023-11-28 14:50:00+00:00,2023-11-28 15:10:00+00:00,long,2028.030029,2024.6293912648182,2024.6293912648182,-340.06377351818173
2023-11-28 15:44:00+00:00,2023-11-28 17:57:00+00:00,long,2031.060059,2039.9945434479064,2039.9945434479064,893.448444790647
2023-12-14 14:39:00+00:00,2023-12-14 14:49:00+00:00,long,2046.96997,2043.2739705615897,2043.2739705615897,-369.5999438410354
2023-12-15 14:12:00+00:00,2023-12-15 15:40:00+00:00,long,2033.35999,2034.544401119768,2034.544401119768,118.44111197681286
2023-12-19 14:15:00+00:00,2023-12-19 15:41:00+00:00,long,2031.66003,2042.2961822029088,2042.2961822029088,1063.615220290876
2023-12-22 13:17:00+00:00,2023-12-22 13:30:00+00:00,long,2063.21997,2060.4833470124795,2060.4833470124795,-273.66229875206045
2023-12-22 14:31:00+00:00,2023-12-22 14:47:00+00:00,long,2066.84009,2066.55072252783,2066.55072252783,-28.936747216994263
2023-12-26 15:10:00+00:00,2023-12-26 15:33:00+00:00,long,2059.23999,2057.5127554469595,2057.5127554469595,-172.7234553040489
2023-12-27 15:15:00+00:00,2023-12-27 15:47:00+00:00,long,2072.84009,2077.8538930211566,2077.8538930211566,501.3803021156491
2024-01-10 14:35:00+00:00,2024-01-10 14:41:00+00:00,long,2031.96997,2030.355922071222,2030.355922071222,-161.40479287780636
2024-01-10 15:36:00+00:00,2024-01-10 15:54:00+00:00,long,2028.94995,2026.9298920430424,2026.9298920430424,-202.0057956957544
2024-01-11 14:18:00+00:00,2024-01-11 15:04:00+00:00,long,2030.40002,2027.2571131429163,2027.2571131429163,-314.29068570837444
2024-01-12 13:25:00+00:00,2024-01-12 14:13:00+00:00,long,2048.21997,2054.512572355458,2054.512572355458,629.2602355457802
2024-01-24 13:31:00+00:00,2024-01-24 13:37:00+00:00,long,2036.17004,2032.5345235276352,2032.5345235276352,-363.55164723647704
2024-01-26 13:49:00+00:00,2024-01-26 14:20:00+00:00,long,2024.23999,2022.6270396774485,2022.6270396774485,-161.2950322551569
2024-02-02 15:43:00+00:00,2024-02-02 16:35:00+00:00,long,2034.31006,2033.5269905250325,2033.5269905250325,-78.30694749675331
2024-02-07 13:22:00+00:00,2024-02-07 13:49:00+00:00,long,2034.82996,2034.3110950119426,2034.3110950119426,-51.88649880574303
2024-02-07 14:41:00+00:00,2024-02-07 15:15:00+00:00,long,2037.81995,2039.0551448250555,2039.0551448250555,123.5194825055487
2024-02-13 15:23:00+00:00,2024-02-13 16:20:00+00:00,long,1993.27002,1992.922181630201,1992.922181630201,-34.78383697988647
2024-02-16 15:11:00+00:00,2024-02-16 16:25:00+00:00,long,2002.94995,2008.8651627598977,2008.8651627598977,591.5212759897713
2024-02-20 13:14:00+00:00,2024-02-20 14:05:00+00:00,long,2027.94995,2028.3347499250856,2028.3347499250856,38.479992508564465
2024-02-27 14:25:00+00:00,2024-02-27 14:40:00+00:00,long,2035.63,2034.4877432095784,2034.4877432095784,-114.22567904216976
2024-02-27 15:50:00+00:00,2024-02-27 16:03:00+00:00,long,2035.12,2033.3555446617095,2033.3555446617095,-176.44553382904178
2024-03-01 14:14:00+00:00,2024-03-01 14:30:00+00:00,long,2054.3501,2054.4851103193955,2054.4851103193955,13.501031939540553
2024-03-18 14:04:00+00:00,2024-03-18 14:15:00+00:00,long,2159.1001,2157.885694667843,2157.885694667843,-121.44053321571846
2024-03-28 14:39:00+00:00,2024-03-28 15:11:00+00:00,long,2210.34009,2212.873488573393,2212.873488573393,253.33985733927875
2024-04-17 13:03:00+00:00,2024-04-17 14:03:00+00:00,long,2384.56006,2389.2790751986045,2389.2790751986045,471.9015198604666
2024-04-17 14:31:00+00:00,2024-04-17 14:52:00+00:00,long,2392.27002,2390.582978741269,2390.582978741269,-168.70412587309147
2024-04-18 15:57:00+00:00,2024-04-18 16:22:00+00:00,long,2384.22998,2382.0256618203903,2382.0256618203903,-220.43181796097997
2024-05-09 15:13:00+00:00,2024-05-09 15:24:00+00:00,long,2337.15991,2333.496219674509,2333.496219674509,-366.3690325490734
2024-05-10 13:14:00+00:00,2024-05-10 13:31:00+00:00,long,2367.1499,2367.15952399576,2367.15952399576,0.9623995760193793
2024-05-10 15:17:00+00:00,2024-05-10 15:58:00+00:00,long,2363.3999,2362.8588465683206,2362.8588465683206,-54.10534316793019
2024-05-21 14:49:00+00:00,2024-05-21 15:20:00+00:00,long,2429.48999,2429.251457172549,2429.251457172549,-23.85328274508538
2024-06-14 13:39:00+00:00,2024-06-14 14:13:00+00:00,long,2329.68994,2328.5646810293624,2328.5646810293624,-112.52589706377876
2024-06-14 15:14:00+00:00,2024-06-14 15:28:00+00:00,long,2331.62012,2328.1170853274093,2328.1170853274093,-350.30346725907293
2024-06-19 13:23:00+00:00,2024-06-19 13:36:00+00:00,long,2330.80005,2328.685290160047,2328.685290160047,-211.4759839952967
2024-06-21 13:16:00+00:00,2024-06-21 13:21:00+00:00,long,2362.76001,2359.3319799295355,2359.3319799295355,-342.80300704645015
2024-06-21 14:40:00+00:00,2024-06-21 14:46:00+00:00,long,2336.78003,2331.8804422555527,2331.8804422555527,-489.9587744447217
2024-06-28 14:13:00+00:00,2024-06-28 14:22:00+00:00,long,2332.8999,2328.944927633409,2328.944927633409,-395.4972366590937
2024-07-01 13:39:00+00:00,2024-07-01 13:59:00+00:00,long,2330.81006,2330.234919933244,2330.234919933244,-57.5140066755921
2024-07-01 15:49:00+00:00,2024-07-01 16:35:00+00:00,long,2328.050049,2329.479957422586,2329.479957422586,142.99084225858678
2024-07-10 13:29:00+00:00,2024-07-10 14:00:00+00:00,long,2380.63989,2383.0391261623995,2383.0391261623995,239.92361623995748
2024-07-10 15:34:00+00:00,2024-07-10 16:25:00+00:00,long,2380.51001,2378.8998939422886,2378.8998939422886,-161.0116057711366
2024-07-16 13:09:00+00:00,2024-07-16 13:56:00+00:00,long,2435.96997,2441.5997318262584,2441.5997318262584,562.9761826258346
2024-07-17 13:05:00+00:00,2024-07-17 13:15:00+00:00,long,2476.8501,2475.1089962910983,2475.1089962910983,-174.11037089018464
2024-07-23 14:30:00+00:00,2024-07-23 14:51:00+00:00,long,2404.81006,2403.5518776488702,2403.5518776488702,-125.81823511295624
2024-08-09 15:45:00+00:00,2024-08-09 16:13:00+00:00,long,2431.86011,2430.718514714868,2430.718514714868,-114.1595285132098
2024-08-13 14:47:00+00:00,2024-08-13 15:25:00+00:00,long,2470.31006,2469.9591853126713,2469.9591853126713,-35.08746873285418
2024-08-13 15:54:00+00:00,2024-08-13 16:23:00+00:00,long,2470.94995,2468.871116620711,2468.871116620711,-207.88333792893354
2024-08-20 13:33:00+00:00,2024-08-20 13:35:00+00:00,long,2529.56006,2527.03999686293,2527.03999686293,-252.0063137069883
2024-08-26 15:48:00+00:00,2024-08-26 16:08:00+00:00,long,2515.73999,2514.484991857035,2514.484991857035,-125.4998142965178
2024-08-29 15:46:00+00:00,2024-08-29 16:08:00+00:00,long,2522.22998,2520.8990145004514,2520.8990145004514,-133.09654995487108
2024-09-10 14:52:00+00:00,2024-09-10 15:53:00+00:00,long,2507.6001,2513.5414567767284,2513.5414567767284,594.1356776728298
2024-09-11 14:56:00+00:00,2024-09-11 15:26:00+00:00,long,2510.27002,2511.439687162534,2511.439687162534,116.96671625340969
2024-09-12 15:34:00+00:00,2024-09-12 16:07:00+00:00,long,2553.1001,2551.6106331695564,2551.6106331695564,-148.9466830443689
2024-09-19 14:30:00+00:00,2024-09-19 14:50:00+00:00,long,2581.27002,2580.378295491931,2580.378295491931,-89.1724508068819
2024-09-23 13:41:00+00:00,2024-09-23 13:45:00+00:00,long,2630.63989,2627.695268485123,2627.695268485123,-294.46215148768715
2024-10-01 13:26:00+00:00,2024-10-01 14:12:00+00:00,long,2652.47998,2662.881320419564,2662.881320419564,1040.1340419563894
2024-10-07 15:23:00+00:00,2024-10-07 15:55:00+00:00,long,2644.6001,2647.0434812421786,2647.0434812421786,244.3381242178475
2024-10-08 15:49:00+00:00,2024-10-08 16:30:00+00:00,long,2611.47998,2612.7169799362155,2612.7169799362155,123.69999362153976
2024-10-11 14:17:00+00:00,2024-10-11 14:47:00+00:00,long,2653.21997,2651.387628552195,2651.387628552195,-183.23414478049926
2024-10-16 14:21:00+00:00,2024-10-16 14:34:00+00:00,long,2680.67993,2676.963337189858,2676.963337189858,-371.65928101417194
2024-10-16 15:25:00+00:00,2024-10-16 15:45:00+00:00,long,2674.53003,2672.040016173673,2672.040016173673,-249.00138263269582
2024-10-17 15:31:00+00:00,2024-10-17 16:02:00+00:00,long,2693.1499,2691.99210294293,2691.99210294293,-115.77970570697289
2024-10-21 13:38:00+00:00,2024-10-21 14:25:00+00:00,long,2739.1001,2735.652582762338,2735.652582762338,-344.7517237661941
2024-10-24 15:58:00+00:00,2024-10-24 16:11:00+00:00,long,2731.53003,2727.560054536211,2727.560054536211,-396.9975463789069
2024-11-05 13:26:00+00:00,2024-11-05 14:41:00+00:00,long,2741.060059,2746.3154282491123,2746.3154282491123,525.5369249112391
2024-11-05 15:45:00+00:00,2024-11-05 16:18:00+00:00,long,2738.34009,2740.4951276138668,2740.4951276138668,215.50376138666252
2024-11-18 13:29:00+00:00,2024-11-18 14:23:00+00:00,long,2599.18994,2604.3001706090326,2604.3001706090326,511.0230609032442
2024-11-19 14:47:00+00:00,2024-11-19 14:52:00+00:00,long,2630.1499,2625.5586639596554,2625.5586639596554,-459.12360403444836
2024-11-21 13:07:00+00:00,2024-11-21 13:26:00+00:00,long,2665.030029,2663.307406217255,2663.307406217255,-172.26227827450202
2024-11-21 14:12:00+00:00,2024-11-21 14:26:00+00:00,long,2669.47998,2668.3227474728187,2668.3227474728187,-115.72325271813497
2024-11-27 13:34:00+00:00,2024-11-27 14:03:00+00:00,long,2652.72998,2653.2401330318653,2653.2401330318653,51.01530318652294
2024-11-27 14:33:00+00:00,2024-11-27 14:53:00+00:00,long,2654.070068,2650.7984094983735,2650.7984094983735,-327.16585016264617
2024-11-29 14:05:00+00:00,2024-11-29 14:17:00+00:00,long,2660.98999,2659.154710316644,2659.154710316644,-183.52796833560205
2024-12-04 14:27:00+00:00,2024-12-04 14:59:00+00:00,long,2652.1001,2649.1776849229745,2649.1776849229745,-292.2415077025562
2024-12-05 15:54:00+00:00,2024-12-05 16:25:00+00:00,long,2640.01001,2639.587638830316,2639.587638830316,-42.23711696840837
2024-12-11 13:03:00+00:00,2024-12-11 13:20:00+00:00,long,2697.52002,2695.2261013270827,2695.2261013270827,-229.39186729172434
2024-12-11 13:32:00+00:00,2024-12-11 14:30:00+00:00,long,2697.060059,2698.6813490433155,2698.6813490433155,162.12900433156392
2024-12-11 14:54:00+00:00,2024-12-11 16:35:00+00:00,long,2704.42993,2713.5582236087535,2713.5582236087535,912.8293608753665
2024-12-26 14:54:00+00:00,2024-12-26 15:59:00+00:00,long,2628.48999,2636.830562589316,2636.830562589316,834.0572589315798
2025-01-03 14:33:00+00:00,2025-01-03 14:49:00+00:00,long,2651.090088,2648.188297877348,2648.188297877348,-290.17901226520735
2025-01-09 14:35:00+00:00,2025-01-09 14:59:00+00:00,long,2673.34009,2672.7620131775966,2672.7620131775966,-57.80768224035455
2025-01-09 15:35:00+00:00,2025-01-09 15:46:00+00:00,long,2674.1001,2672.1156301899487,2672.1156301899487,-198.44698100514506
2025-01-10 13:14:00+00:00,2025-01-10 13:30:00+00:00,long,2679.98999,2676.5490425269277,2676.5490425269277,-344.0947473072356
2025-01-15 13:17:00+00:00,2025-01-15 13:21:00+00:00,long,2686.62012,2683.858801963067,2683.858801963067,-276.1318036933062
2025-01-16 13:16:00+00:00,2025-01-16 13:58:00+00:00,long,2706.97998,2713.8771602091774,2713.8771602091774,689.718020917735
2025-01-16 14:54:00+00:00,2025-01-16 15:09:00+00:00,long,2718.31006,2715.043798043489,2715.043798043489,-326.6261956510789
2025-01-23 14:58:00+00:00,2025-01-23 16:00:00+00:00,long,2745.70996,2745.5935907687567,2745.5935907687567,-11.636923124342502
2025-01-24 15:11:00+00:00,2025-01-24 15:42:00+00:00,long,2780.78003,2782.692770516335,2782.692770516335,191.27405163349067
2025-01-30 14:53:00+00:00,2025-01-30 15:33:00+00:00,long,2785.84009,2787.818522278126,2787.818522278126,197.84322781256378
2025-01-31 15:05:00+00:00,2025-01-31 15:19:00+00:00,long,2814.02002,2812.826943480468,2812.826943480468,-119.30765195320419
2025-02-03 14:13:00+00:00,2025-02-03 15:09:00+00:00,long,2814.34009,2824.4158633593797,2824.4158633593797,1007.5773359379582
2025-02-06 14:23:00+00:00,2025-02-06 14:33:00+00:00,long,2857.51001,2855.7567742583356,2855.7567742583356,-175.32357416644118
2025-02-18 14:25:00+00:00,2025-02-18 15:04:00+00:00,long,2922.27002,2925.1352976850258,2925.1352976850258,286.52776850258306
2025-02-18 15:44:00+00:00,2025-02-18 16:03:00+00:00,long,2927.33008,2925.2092819323484,2925.2092819323484,-212.07980676517764
2025-03-03 15:08:00+00:00,2025-03-03 15:37:00+00:00,long,2880.3999,2884.2775430854053,2884.2775430854053,387.76430854054524
2025-03-04 15:35:00+00:00,2025-03-04 15:52:00+00:00,long,2908.75,2905.4327293529263,2905.4327293529263,-331.72706470736557
2025-03-11 15:09:00+00:00,2025-03-11 15:22:00+00:00,long,2919.51001,2915.9590577887593,2915.9590577887593,-355.0952211240656
2025-03-11 15:42:00+00:00,2025-03-11 16:34:00+00:00,long,2919.48999,2915.753540416502,2915.753540416502,-373.64495834981426
2025-03-17 14:07:00+00:00,2025-03-17 15:02:00+00:00,long,2992.030029,2996.711849511182,2996.711849511182,468.18205111821953
2025-03-25 13:33:00+00:00,2025-03-25 14:17:00+00:00,long,3025.15991,3030.6991061925,3030.6991061925,553.9196192500185
2025-03-26 14:42:00+00:00,2025-03-26 14:51:00+00:00,long,3019.68994,3018.429842978904,3018.429842978904,-126.0097021096044
2025-03-26 15:17:00+00:00,2025-03-26 15:55:00+00:00,long,3018.01001,3015.4534591586944,3015.4534591586944,-255.65508413055795
2025-05-05 15:44:00+00:00,2025-05-05 16:00:00+00:00,long,3315.56,3311.412203993685,3311.412203993685,-414.779600631482
2025-06-10 13:14:00+00:00,2025-06-10 14:00:00+00:00,long,3338.87,3342.86299255456,3342.86299255456,399.299255456026
2025-06-10 15:35:00+00:00,2025-06-10 16:10:00+00:00,long,3327.88,3323.738815945152,3323.738815945152,-414.1184054848054
2025-07-23 14:42:00+00:00,2025-07-23 14:51:00+00:00,long,3414.2,3412.1831804032126,3412.1831804032126,-201.68195967871725
2025-08-20 13:20:00+00:00,2025-08-20 13:24:00+00:00,long,3332.67,3331.829601702607,3331.829601702607,-84.03982973932216
2025-08-20 14:00:00+00:00,2025-08-20 14:08:00+00:00,long,3334.67,3332.260956566898,3332.260956566898,-240.90434331019424
2025-08-20 14:26:00+00:00,2025-08-20 15:03:00+00:00,long,3331.95,3337.343966108077,3337.343966108077,539.3966108077166
2025-08-25 13:34:00+00:00,2025-08-25 13:35:00+00:00,long,3357.03,3356.753587756049,3356.753587756049,-27.641224395119934
2025-08-25 15:51:00+00:00,2025-08-25 15:55:00+00:00,long,3361.97,3360.884453482077,3360.884453482077,-108.55465179229213
2025-08-26 13:33:00+00:00,2025-08-26 13:47:00+00:00,long,3362.41,3363.2496705406743,3363.2496705406743,83.96705406744331
2025-08-28 14:14:00+00:00,2025-08-28 15:15:00+00:00,long,3406.52,3407.3473799136827,3407.3473799136827,82.7379913682762
2025-08-28 15:50:00+00:00,2025-08-28 16:20:00+00:00,long,3404.0,3411.602652631864,3411.602652631864,760.2652631864203
2025-08-29 13:38:00+00:00,2025-08-29 14:45:00+00:00,long,3424.28,3438.498952878661,3438.498952878661,1421.895287866073
2025-08-29 14:57:00+00:00,2025-08-29 15:05:00+00:00,long,3441.65,3441.3557953377767,3441.3557953377767,-29.420466222336472
2025-09-02 13:15:00+00:00,2025-09-02 13:32:00+00:00,long,3499.19,3496.9681938533895,3496.9681938533895,-222.1806146610561
2025-09-02 13:48:00+00:00,2025-09-02 13:49:00+00:00,long,3503.85,3501.004308707563,3501.004308707563,-284.56912924370954
2025-09-16 13:31:00+00:00,2025-09-16 13:44:00+00:00,long,3704.69,3704.5508976459096,3704.5508976459096,-13.910235409048255
2025-09-16 14:16:00+00:00,2025-09-16 14:22:00+00:00,long,3710.46,3708.919300315821,3708.919300315821,-154.06996841788896
2025-09-16 15:53:00+00:00,2025-09-16 16:42:00+00:00,long,3696.5,3698.5311747990304,3698.5311747990304,203.11747990303957
2025-09-22 14:01:00+00:00,2025-09-22 16:02:00+00:00,long,3728.62,3745.024246029032,3745.024246029032,1640.4246029032038
2025-09-23 13:40:00+00:00,2025-09-23 13:46:00+00:00,long,3794.81,3790.1572234904465,3790.1572234904465,-465.2776509553405
2025-09-23 15:07:00+00:00,2025-09-23 15:34:00+00:00,long,3781.01,3788.408984043553,3788.408984043553,739.89840435529
2025-09-26 15:56:00+00:00,2025-09-26 16:02:00+00:00,long,3786.94,3786.0057768714873,3786.0057768714873,-93.42231285127127
2025-09-29 13:13:00+00:00,2025-09-29 13:47:00+00:00,long,3828.01,3835.1814609664552,3835.1814609664552,717.1460966455015
2025-10-13 13:54:00+00:00,2025-10-13 14:02:00+00:00,long,4100.49,4097.891361661226,4097.891361661226,-259.8638338773526
2025-10-13 15:59:00+00:00,2025-10-13 16:29:00+00:00,long,4110.75,4116.227653305373,4116.227653305373,547.7653305372769
